filename,user_id,is_genuine,gender,age_group
genuine/024_21_024.PNG,024,1,0,0
genuine/024_17_024.PNG,024,1,1,0
genuine/024_16_024.PNG,024,1,0,0
genuine/024_20_024.PNG,024,1,0,2
genuine/024_14_024.PNG,024,1,0,2
genuine/024_22_024.PNG,024,1,1,0
genuine/024_23_024.PNG,024,1,0,0
genuine/024_15_024.PNG,024,1,0,0
genuine/024_19_024.PNG,024,1,0,2
genuine/024_18_024.PNG,024,1,0,2
genuine/024_13_024.PNG,024,1,1,0
genuine/024_24_024.PNG,024,1,1,2
genuine/023_16_023.PNG,023,1,1,0
genuine/023_20_023.PNG,023,1,0,2
genuine/023_21_023.PNG,023,1,1,1
genuine/023_17_023.PNG,023,1,1,0
genuine/023_23_023.PNG,023,1,0,1
genuine/023_15_023.PNG,023,1,0,0
genuine/023_14_023.PNG,023,1,1,0
genuine/023_22_023.PNG,023,1,1,1
genuine/023_18_023.PNG,023,1,1,0
genuine/023_19_023.PNG,023,1,1,2
genuine/023_24_023.PNG,023,1,0,1
genuine/023_13_023.PNG,023,1,0,2
genuine/046_14_046.PNG,046,1,1,2
genuine/046_22_046.PNG,046,1,1,2
genuine/046_23_046.PNG,046,1,0,2
genuine/046_15_046.PNG,046,1,0,0
genuine/046_21_046.PNG,046,1,0,1
genuine/046_17_046.PNG,046,1,0,0
genuine/046_16_046.PNG,046,1,0,1
genuine/046_20_046.PNG,046,1,1,1
genuine/046_13_046.PNG,046,1,1,0
genuine/046_24_046.PNG,046,1,1,1
genuine/046_19_046.PNG,046,1,0,2
genuine/046_18_046.PNG,046,1,1,2
genuine/041_23_041.PNG,041,1,0,2
genuine/041_15_041.PNG,041,1,0,2
genuine/041_14_041.PNG,041,1,0,0
genuine/041_22_041.PNG,041,1,1,1
genuine/041_16_041.PNG,041,1,1,2
genuine/041_20_041.PNG,041,1,0,2
genuine/041_21_041.PNG,041,1,1,0
genuine/041_17_041.PNG,041,1,0,0
genuine/041_24_041.PNG,041,1,1,1
genuine/041_13_041.PNG,041,1,1,0
genuine/041_18_041.PNG,041,1,0,2
genuine/041_19_041.PNG,041,1,1,0
genuine/048_18_048.PNG,048,1,1,1
genuine/048_19_048.PNG,048,1,1,0
genuine/048_24_048.PNG,048,1,1,0
genuine/048_13_048.PNG,048,1,0,2
genuine/048_16_048.PNG,048,1,1,2
genuine/048_20_048.PNG,048,1,1,2
genuine/048_21_048.PNG,048,1,1,1
genuine/048_17_048.PNG,048,1,0,0
genuine/048_23_048.PNG,048,1,1,0
genuine/048_15_048.PNG,048,1,0,0
genuine/048_14_048.PNG,048,1,0,2
genuine/048_22_048.PNG,048,1,0,2
genuine/013_13_013.PNG,013,1,1,2
genuine/013_24_013.PNG,013,1,0,1
genuine/013_19_013.PNG,013,1,1,2
genuine/013_18_013.PNG,013,1,1,2
genuine/013_22_013.PNG,013,1,1,2
genuine/013_14_013.PNG,013,1,0,2
genuine/013_15_013.PNG,013,1,0,2
genuine/013_23_013.PNG,013,1,1,2
genuine/013_17_013.PNG,013,1,1,0
genuine/013_21_013.PNG,013,1,1,1
genuine/013_20_013.PNG,013,1,0,1
genuine/013_16_013.PNG,013,1,0,2
genuine/022_16_022.PNG,022,1,1,2
genuine/022_20_022.PNG,022,1,0,2
genuine/022_21_022.PNG,022,1,0,2
genuine/022_17_022.PNG,022,1,1,2
genuine/022_23_022.PNG,022,1,0,0
genuine/022_15_022.PNG,022,1,1,0
genuine/022_14_022.PNG,022,1,0,2
genuine/022_22_022.PNG,022,1,1,1
genuine/022_18_022.PNG,022,1,0,0
genuine/022_19_022.PNG,022,1,1,1
genuine/022_24_022.PNG,022,1,0,0
genuine/022_13_022.PNG,022,1,0,2
genuine/025_21_025.PNG,025,1,0,0
genuine/025_17_025.PNG,025,1,1,0
genuine/025_16_025.PNG,025,1,0,0
genuine/025_20_025.PNG,025,1,1,2
genuine/025_14_025.PNG,025,1,0,1
genuine/025_22_025.PNG,025,1,1,0
genuine/025_23_025.PNG,025,1,0,2
genuine/025_15_025.PNG,025,1,1,1
genuine/025_19_025.PNG,025,1,1,1
genuine/025_18_025.PNG,025,1,1,0
genuine/025_13_025.PNG,025,1,0,0
genuine/025_24_025.PNG,025,1,0,1
genuine/049_18_049.PNG,049,1,0,2
genuine/049_19_049.PNG,049,1,0,2
genuine/049_24_049.PNG,049,1,0,0
genuine/049_13_049.PNG,049,1,0,2
genuine/049_16_049.PNG,049,1,0,0
genuine/049_20_049.PNG,049,1,0,0
genuine/049_21_049.PNG,049,1,1,0
genuine/049_17_049.PNG,049,1,0,1
genuine/049_23_049.PNG,049,1,1,0
genuine/049_15_049.PNG,049,1,0,2
genuine/049_14_049.PNG,049,1,1,0
genuine/049_22_049.PNG,049,1,1,1
genuine/040_23_040.PNG,040,1,0,0
genuine/040_15_040.PNG,040,1,0,2
genuine/040_14_040.PNG,040,1,1,1
genuine/040_22_040.PNG,040,1,1,1
genuine/040_16_040.PNG,040,1,1,2
genuine/040_20_040.PNG,040,1,0,2
genuine/040_21_040.PNG,040,1,0,0
genuine/040_17_040.PNG,040,1,1,2
genuine/040_24_040.PNG,040,1,1,0
genuine/040_13_040.PNG,040,1,0,0
genuine/040_18_040.PNG,040,1,0,2
genuine/040_19_040.PNG,040,1,1,0
genuine/047_14_047.PNG,047,1,1,0
genuine/047_22_047.PNG,047,1,1,1
genuine/047_23_047.PNG,047,1,0,0
genuine/047_15_047.PNG,047,1,1,2
genuine/047_21_047.PNG,047,1,0,0
genuine/047_17_047.PNG,047,1,0,0
genuine/047_16_047.PNG,047,1,0,0
genuine/047_20_047.PNG,047,1,1,1
genuine/047_13_047.PNG,047,1,1,0
genuine/047_24_047.PNG,047,1,1,0
genuine/047_19_047.PNG,047,1,0,1
genuine/047_18_047.PNG,047,1,0,1
genuine/065_19_065.PNG,065,1,1,1
genuine/065_18_065.PNG,065,1,1,1
genuine/065_13_065.PNG,065,1,1,0
genuine/065_24_065.PNG,065,1,0,1
genuine/065_17_065.PNG,065,1,0,0
genuine/065_21_065.PNG,065,1,0,2
genuine/065_20_065.PNG,065,1,1,0
genuine/065_16_065.PNG,065,1,0,2
genuine/065_22_065.PNG,065,1,1,2
genuine/065_14_065.PNG,065,1,0,0
genuine/065_15_065.PNG,065,1,0,0
genuine/065_23_065.PNG,065,1,0,2
genuine/062_18_062.PNG,062,1,0,2
genuine/062_19_062.PNG,062,1,0,1
genuine/062_24_062.PNG,062,1,0,2
genuine/062_13_062.PNG,062,1,0,2
genuine/062_20_062.PNG,062,1,0,2
genuine/062_16_062.PNG,062,1,0,1
genuine/062_17_062.PNG,062,1,1,1
genuine/062_21_062.PNG,062,1,0,2
genuine/062_15_062.PNG,062,1,1,0
genuine/062_23_062.PNG,062,1,1,1
genuine/062_22_062.PNG,062,1,0,2
genuine/062_14_062.PNG,062,1,1,1
genuine/054_23_054.PNG,054,1,1,0
genuine/054_15_054.PNG,054,1,0,1
genuine/054_14_054.PNG,054,1,0,0
genuine/054_22_054.PNG,054,1,0,2
genuine/054_16_054.PNG,054,1,1,0
genuine/054_20_054.PNG,054,1,1,0
genuine/054_21_054.PNG,054,1,0,1
genuine/054_17_054.PNG,054,1,1,0
genuine/054_24_054.PNG,054,1,1,2
genuine/054_13_054.PNG,054,1,1,2
genuine/054_18_054.PNG,054,1,0,2
genuine/054_19_054.PNG,054,1,1,2
genuine/053_14_053.PNG,053,1,0,0
genuine/053_22_053.PNG,053,1,1,0
genuine/053_23_053.PNG,053,1,0,2
genuine/053_15_053.PNG,053,1,0,1
genuine/053_21_053.PNG,053,1,1,2
genuine/053_17_053.PNG,053,1,0,2
genuine/053_16_053.PNG,053,1,1,0
genuine/053_13_053.PNG,053,1,1,2
genuine/053_24_053.PNG,053,1,1,1
genuine/053_19_053.PNG,053,1,0,0
genuine/053_18_053.PNG,053,1,1,1
genuine/038_13_038.PNG,038,1,0,0
genuine/038_24_038.PNG,038,1,1,0
genuine/038_19_038.PNG,038,1,1,0
genuine/038_18_038.PNG,038,1,1,2
genuine/038_14_038.PNG,038,1,1,2
genuine/038_22_038.PNG,038,1,0,0
genuine/038_23_038.PNG,038,1,0,2
genuine/038_15_038.PNG,038,1,0,2
genuine/038_21_038.PNG,038,1,0,1
genuine/038_17_038.PNG,038,1,0,1
genuine/038_16_038.PNG,038,1,0,0
genuine/038_20_038.PNG,038,1,1,1
genuine/036_16_036.PNG,036,1,0,1
genuine/036_20_036.PNG,036,1,0,2
genuine/036_21_036.PNG,036,1,0,2
genuine/036_17_036.PNG,036,1,0,1
genuine/036_23_036.PNG,036,1,1,2
genuine/036_15_036.PNG,036,1,0,0
genuine/036_14_036.PNG,036,1,0,0
genuine/036_22_036.PNG,036,1,1,0
genuine/036_18_036.PNG,036,1,0,2
genuine/036_19_036.PNG,036,1,1,1
genuine/036_24_036.PNG,036,1,0,1
genuine/036_13_036.PNG,036,1,0,2
genuine/031_21_031.PNG,031,1,0,1
genuine/031_17_031.PNG,031,1,0,1
genuine/031_16_031.PNG,031,1,0,0
genuine/031_20_031.PNG,031,1,1,1
genuine/031_14_031.PNG,031,1,1,0
genuine/031_22_031.PNG,031,1,0,0
genuine/031_23_031.PNG,031,1,0,1
genuine/031_15_031.PNG,031,1,1,1
genuine/031_19_031.PNG,031,1,0,1
genuine/031_18_031.PNG,031,1,1,2
genuine/031_13_031.PNG,031,1,1,2
genuine/031_24_031.PNG,031,1,1,0
genuine/052_14_052.PNG,052,1,0,1
genuine/052_22_052.PNG,052,1,0,2
genuine/052_23_052.PNG,052,1,1,0
genuine/052_15_052.PNG,052,1,0,2
genuine/052_21_052.PNG,052,1,1,1
genuine/052_17_052.PNG,052,1,1,1
genuine/052_16_052.PNG,052,1,0,1
genuine/052_20_052.PNG,052,1,0,1
genuine/052_13_052.PNG,052,1,0,2
genuine/052_24_052.PNG,052,1,1,0
genuine/052_19_052.PNG,052,1,0,1
genuine/052_18_052.PNG,052,1,1,0
genuine/055_23_055.PNG,055,1,1,2
genuine/055_15_055.PNG,055,1,1,2
genuine/055_14_055.PNG,055,1,0,2
genuine/055_22_055.PNG,055,1,1,2
genuine/055_16_055.PNG,055,1,1,2
genuine/055_20_055.PNG,055,1,1,1
genuine/055_21_055.PNG,055,1,1,2
genuine/055_17_055.PNG,055,1,1,2
genuine/055_24_055.PNG,055,1,0,0
genuine/055_13_055.PNG,055,1,1,2
genuine/055_18_055.PNG,055,1,1,2
genuine/055_19_055.PNG,055,1,0,2
genuine/063_18_063.PNG,063,1,1,1
genuine/063_19_063.PNG,063,1,0,1
genuine/063_24_063.PNG,063,1,1,0
genuine/063_13_063.PNG,063,1,1,2
genuine/063_20_063.PNG,063,1,1,1
genuine/063_16_063.PNG,063,1,1,1
genuine/063_17_063.PNG,063,1,0,2
genuine/063_21_063.PNG,063,1,1,2
genuine/063_15_063.PNG,063,1,0,2
genuine/063_23_063.PNG,063,1,0,1
genuine/063_22_063.PNG,063,1,1,0
genuine/063_14_063.PNG,063,1,0,2
genuine/064_19_064.PNG,064,1,1,0
genuine/064_18_064.PNG,064,1,0,0
genuine/064_13_064.PNG,064,1,0,0
genuine/064_24_064.PNG,064,1,0,1
genuine/064_17_064.PNG,064,1,0,1
genuine/064_21_064.PNG,064,1,1,2
genuine/064_20_064.PNG,064,1,0,2
genuine/064_16_064.PNG,064,1,1,1
genuine/064_22_064.PNG,064,1,1,0
genuine/064_14_064.PNG,064,1,0,2
genuine/064_15_064.PNG,064,1,0,0
genuine/064_23_064.PNG,064,1,1,0
genuine/030_21_030.PNG,030,1,0,2
genuine/030_17_030.PNG,030,1,1,0
genuine/030_16_030.PNG,030,1,0,0
genuine/030_20_030.PNG,030,1,1,0
genuine/030_14_030.PNG,030,1,1,2
genuine/030_22_030.PNG,030,1,1,1
genuine/030_23_030.PNG,030,1,1,2
genuine/030_15_030.PNG,030,1,1,0
genuine/030_19_030.PNG,030,1,1,1
genuine/030_18_030.PNG,030,1,1,0
genuine/030_13_030.PNG,030,1,1,2
genuine/030_24_030.PNG,030,1,1,2
genuine/037_16_037.PNG,037,1,0,1
genuine/037_20_037.PNG,037,1,1,0
genuine/037_21_037.PNG,037,1,1,0
genuine/037_17_037.PNG,037,1,1,1
genuine/037_23_037.PNG,037,1,1,2
genuine/037_15_037.PNG,037,1,0,0
genuine/037_14_037.PNG,037,1,0,0
genuine/037_22_037.PNG,037,1,1,2
genuine/037_18_037.PNG,037,1,0,2
genuine/037_19_037.PNG,037,1,0,0
genuine/037_24_037.PNG,037,1,1,1
genuine/037_13_037.PNG,037,1,1,2
genuine/039_13_039.PNG,039,1,1,1
genuine/039_24_039.PNG,039,1,0,0
genuine/039_19_039.PNG,039,1,1,1
genuine/039_18_039.PNG,039,1,0,2
genuine/039_14_039.PNG,039,1,1,1
genuine/039_22_039.PNG,039,1,0,1
genuine/039_23_039.PNG,039,1,1,1
genuine/039_15_039.PNG,039,1,1,2
genuine/039_21_039.PNG,039,1,0,1
genuine/039_17_039.PNG,039,1,0,1
genuine/039_16_039.PNG,039,1,1,1
genuine/039_20_039.PNG,039,1,0,1
genuine/042_15_042.PNG,042,1,1,2
genuine/042_23_042.PNG,042,1,1,2
genuine/042_22_042.PNG,042,1,0,1
genuine/042_14_042.PNG,042,1,0,2
genuine/042_20_042.PNG,042,1,0,1
genuine/042_16_042.PNG,042,1,0,0
genuine/042_17_042.PNG,042,1,1,0
genuine/042_21_042.PNG,042,1,1,0
genuine/042_24_042.PNG,042,1,0,1
genuine/042_13_042.PNG,042,1,1,1
genuine/042_18_042.PNG,042,1,0,1
genuine/042_19_042.PNG,042,1,1,1
genuine/045_22_045.PNG,045,1,1,1
genuine/045_14_045.PNG,045,1,1,1
genuine/045_15_045.PNG,045,1,0,1
genuine/045_23_045.PNG,045,1,0,2
genuine/045_17_045.PNG,045,1,0,1
genuine/045_21_045.PNG,045,1,0,2
genuine/045_20_045.PNG,045,1,0,2
genuine/045_16_045.PNG,045,1,0,0
genuine/045_13_045.PNG,045,1,0,0
genuine/045_24_045.PNG,045,1,0,2
genuine/045_19_045.PNG,045,1,0,0
genuine/045_18_045.PNG,045,1,0,1
genuine/020_20_020.PNG,020,1,0,2
genuine/020_16_020.PNG,020,1,0,1
genuine/020_17_020.PNG,020,1,1,1
genuine/020_21_020.PNG,020,1,0,2
genuine/020_15_020.PNG,020,1,0,0
genuine/020_23_020.PNG,020,1,1,0
genuine/020_22_020.PNG,020,1,0,1
genuine/020_14_020.PNG,020,1,1,1
genuine/020_18_020.PNG,020,1,0,0
genuine/020_19_020.PNG,020,1,0,0
genuine/020_24_020.PNG,020,1,1,2
genuine/020_13_020.PNG,020,1,0,2
genuine/027_17_027.PNG,027,1,0,1
genuine/027_21_027.PNG,027,1,1,2
genuine/027_20_027.PNG,027,1,1,0
genuine/027_16_027.PNG,027,1,1,0
genuine/027_22_027.PNG,027,1,1,1
genuine/027_14_027.PNG,027,1,0,1
genuine/027_15_027.PNG,027,1,1,2
genuine/027_23_027.PNG,027,1,1,2
genuine/027_19_027.PNG,027,1,0,1
genuine/027_18_027.PNG,027,1,0,2
genuine/027_13_027.PNG,027,1,1,2
genuine/027_24_027.PNG,027,1,1,1
genuine/018_21_018.PNG,018,1,1,2
genuine/018_17_018.PNG,018,1,1,1
genuine/018_16_018.PNG,018,1,0,0
genuine/018_20_018.PNG,018,1,1,1
genuine/018_14_018.PNG,018,1,0,1
genuine/018_22_018.PNG,018,1,1,1
genuine/018_23_018.PNG,018,1,0,1
genuine/018_15_018.PNG,018,1,1,0
genuine/018_19_018.PNG,018,1,1,0
genuine/018_18_018.PNG,018,1,1,1
genuine/018_13_018.PNG,018,1,1,1
genuine/018_24_018.PNG,018,1,1,2
genuine/029_24_029.PNG,029,1,0,2
genuine/029_13_029.PNG,029,1,0,0
genuine/029_18_029.PNG,029,1,0,2
genuine/029_19_029.PNG,029,1,1,1
genuine/029_15_029.PNG,029,1,0,2
genuine/029_22_029.PNG,029,1,1,2
genuine/029_14_029.PNG,029,1,1,1
genuine/029_20_029.PNG,029,1,0,0
genuine/029_16_029.PNG,029,1,1,0
genuine/029_17_029.PNG,029,1,1,2
genuine/029_21_029.PNG,029,1,0,1
genuine/044_22_044.PNG,044,1,1,1
genuine/044_14_044.PNG,044,1,1,1
genuine/044_15_044.PNG,044,1,1,1
genuine/044_23_044.PNG,044,1,1,1
genuine/044_17_044.PNG,044,1,1,1
genuine/044_21_044.PNG,044,1,0,0
genuine/044_20_044.PNG,044,1,0,1
genuine/044_16_044.PNG,044,1,0,2
genuine/044_13_044.PNG,044,1,0,0
genuine/044_24_044.PNG,044,1,0,2
genuine/044_19_044.PNG,044,1,1,1
genuine/044_18_044.PNG,044,1,1,0
genuine/043_15_043.PNG,043,1,0,1
genuine/043_23_043.PNG,043,1,0,1
genuine/043_22_043.PNG,043,1,0,1
genuine/043_14_043.PNG,043,1,0,2
genuine/043_20_043.PNG,043,1,0,1
genuine/043_16_043.PNG,043,1,0,0
genuine/043_17_043.PNG,043,1,1,2
genuine/043_21_043.PNG,043,1,0,2
genuine/043_24_043.PNG,043,1,1,0
genuine/043_13_043.PNG,043,1,0,2
genuine/043_18_043.PNG,043,1,1,1
genuine/043_19_043.PNG,043,1,1,1
genuine/017_24_017.PNG,017,1,1,0
genuine/017_13_017.PNG,017,1,0,1
genuine/017_18_017.PNG,017,1,1,0
genuine/017_19_017.PNG,017,1,0,1
genuine/017_23_017.PNG,017,1,1,0
genuine/017_15_017.PNG,017,1,0,0
genuine/017_14_017.PNG,017,1,0,2
genuine/017_22_017.PNG,017,1,1,0
genuine/017_16_017.PNG,017,1,0,0
genuine/017_20_017.PNG,017,1,1,2
genuine/017_21_017.PNG,017,1,0,2
genuine/017_17_017.PNG,017,1,1,1
genuine/028_24_028.PNG,028,1,1,1
genuine/028_13_028.PNG,028,1,1,1
genuine/028_18_028.PNG,028,1,0,2
genuine/028_19_028.PNG,028,1,0,0
genuine/028_15_028.PNG,028,1,0,1
genuine/028_23_028.PNG,028,1,0,0
genuine/028_22_028.PNG,028,1,0,0
genuine/028_14_028.PNG,028,1,0,0
genuine/028_20_028.PNG,028,1,0,1
genuine/028_16_028.PNG,028,1,1,2
genuine/028_17_028.PNG,028,1,1,1
genuine/028_21_028.PNG,028,1,0,0
genuine/026_17_026.PNG,026,1,1,2
genuine/026_21_026.PNG,026,1,1,2
genuine/026_20_026.PNG,026,1,1,0
genuine/026_16_026.PNG,026,1,0,1
genuine/026_22_026.PNG,026,1,0,1
genuine/026_14_026.PNG,026,1,0,2
genuine/026_15_026.PNG,026,1,0,2
genuine/026_23_026.PNG,026,1,0,1
genuine/026_19_026.PNG,026,1,0,0
genuine/026_18_026.PNG,026,1,0,0
genuine/026_13_026.PNG,026,1,1,2
genuine/026_24_026.PNG,026,1,1,1
genuine/019_21_019.PNG,019,1,0,1
genuine/019_17_019.PNG,019,1,1,2
genuine/019_16_019.PNG,019,1,1,1
genuine/019_20_019.PNG,019,1,1,1
genuine/019_14_019.PNG,019,1,0,2
genuine/019_22_019.PNG,019,1,0,1
genuine/019_23_019.PNG,019,1,1,2
genuine/019_15_019.PNG,019,1,1,0
genuine/019_19_019.PNG,019,1,0,0
genuine/019_18_019.PNG,019,1,0,2
genuine/019_13_019.PNG,019,1,1,2
genuine/019_24_019.PNG,019,1,0,0
genuine/021_20_021.PNG,021,1,1,2
genuine/021_16_021.PNG,021,1,1,1
genuine/021_17_021.PNG,021,1,0,2
genuine/021_21_021.PNG,021,1,1,2
genuine/021_15_021.PNG,021,1,1,0
genuine/021_23_021.PNG,021,1,1,1
genuine/021_22_021.PNG,021,1,1,1
genuine/021_14_021.PNG,021,1,1,2
genuine/021_18_021.PNG,021,1,0,0
genuine/021_19_021.PNG,021,1,1,1
genuine/021_24_021.PNG,021,1,1,1
genuine/021_13_021.PNG,021,1,1,2
genuine/032_17_032.PNG,032,1,0,1
genuine/032_21_032.PNG,032,1,0,1
genuine/032_20_032.PNG,032,1,1,1
genuine/032_16_032.PNG,032,1,0,1
genuine/032_22_032.PNG,032,1,0,2
genuine/032_14_032.PNG,032,1,1,1
genuine/032_15_032.PNG,032,1,0,0
genuine/032_23_032.PNG,032,1,1,2
genuine/032_19_032.PNG,032,1,1,2
genuine/032_18_032.PNG,032,1,1,0
genuine/032_13_032.PNG,032,1,0,1
genuine/032_24_032.PNG,032,1,0,1
genuine/035_20_035.PNG,035,1,1,2
genuine/035_16_035.PNG,035,1,1,0
genuine/035_17_035.PNG,035,1,0,2
genuine/035_21_035.PNG,035,1,0,2
genuine/035_15_035.PNG,035,1,0,1
genuine/035_23_035.PNG,035,1,0,2
genuine/035_22_035.PNG,035,1,1,0
genuine/035_14_035.PNG,035,1,0,0
genuine/035_18_035.PNG,035,1,1,0
genuine/035_19_035.PNG,035,1,0,1
genuine/035_24_035.PNG,035,1,1,2
genuine/035_13_035.PNG,035,1,1,1
genuine/061_18_061.PNG,061,1,1,1
genuine/061_19_061.PNG,061,1,0,1
genuine/061_24_061.PNG,061,1,0,1
genuine/061_13_061.PNG,061,1,0,2
genuine/061_16_061.PNG,061,1,0,0
genuine/061_20_061.PNG,061,1,1,1
genuine/061_21_061.PNG,061,1,1,2
genuine/061_17_061.PNG,061,1,1,0
genuine/061_23_061.PNG,061,1,1,2
genuine/061_15_061.PNG,061,1,1,2
genuine/061_14_061.PNG,061,1,1,0
genuine/061_22_061.PNG,061,1,1,2
genuine/066_19_066.PNG,066,1,1,1
genuine/066_18_066.PNG,066,1,1,2
genuine/066_13_066.PNG,066,1,1,1
genuine/066_24_066.PNG,066,1,1,0
genuine/066_21_066.PNG,066,1,0,2
genuine/066_17_066.PNG,066,1,1,0
genuine/066_16_066.PNG,066,1,1,0
genuine/066_20_066.PNG,066,1,1,2
genuine/066_14_066.PNG,066,1,1,2
genuine/066_22_066.PNG,066,1,1,1
genuine/066_23_066.PNG,066,1,0,1
genuine/066_15_066.PNG,066,1,0,0
genuine/059_19_059.PNG,059,1,1,0
genuine/059_18_059.PNG,059,1,1,0
genuine/059_13_059.PNG,059,1,1,0
genuine/059_24_059.PNG,059,1,0,1
genuine/059_17_059.PNG,059,1,0,0
genuine/059_21_059.PNG,059,1,1,1
genuine/059_20_059.PNG,059,1,1,2
genuine/059_16_059.PNG,059,1,1,2
genuine/059_22_059.PNG,059,1,0,1
genuine/059_14_059.PNG,059,1,1,1
genuine/059_15_059.PNG,059,1,1,2
genuine/059_23_059.PNG,059,1,0,2
genuine/050_22_050.PNG,050,1,0,0
genuine/050_14_050.PNG,050,1,1,0
genuine/050_15_050.PNG,050,1,0,1
genuine/050_23_050.PNG,050,1,0,2
genuine/050_17_050.PNG,050,1,0,1
genuine/050_21_050.PNG,050,1,0,2
genuine/050_20_050.PNG,050,1,1,0
genuine/050_16_050.PNG,050,1,0,1
genuine/050_13_050.PNG,050,1,0,1
genuine/050_24_050.PNG,050,1,1,1
genuine/050_19_050.PNG,050,1,1,0
genuine/050_18_050.PNG,050,1,0,2
genuine/057_15_057.PNG,057,1,1,2
genuine/057_23_057.PNG,057,1,0,0
genuine/057_22_057.PNG,057,1,0,0
genuine/057_14_057.PNG,057,1,1,2
genuine/057_20_057.PNG,057,1,0,1
genuine/057_16_057.PNG,057,1,0,0
genuine/057_17_057.PNG,057,1,1,2
genuine/057_21_057.PNG,057,1,1,1
genuine/057_24_057.PNG,057,1,1,2
genuine/057_13_057.PNG,057,1,0,1
genuine/057_18_057.PNG,057,1,1,2
genuine/057_19_057.PNG,057,1,0,0
genuine/068_23_068.PNG,068,1,1,1
genuine/068_15_068.PNG,068,1,1,2
genuine/068_14_068.PNG,068,1,1,2
genuine/068_22_068.PNG,068,1,1,1
genuine/068_16_068.PNG,068,1,1,0
genuine/068_20_068.PNG,068,1,1,1
genuine/068_21_068.PNG,068,1,0,0
genuine/068_17_068.PNG,068,1,1,2
genuine/068_24_068.PNG,068,1,1,2
genuine/068_13_068.PNG,068,1,1,2
genuine/068_18_068.PNG,068,1,1,0
genuine/068_19_068.PNG,068,1,1,1
genuine/034_20_034.PNG,034,1,0,2
genuine/034_16_034.PNG,034,1,0,2
genuine/034_17_034.PNG,034,1,1,1
genuine/034_21_034.PNG,034,1,0,2
genuine/034_15_034.PNG,034,1,1,0
genuine/034_23_034.PNG,034,1,0,2
genuine/034_22_034.PNG,034,1,1,2
genuine/034_14_034.PNG,034,1,0,2
genuine/034_18_034.PNG,034,1,0,2
genuine/034_19_034.PNG,034,1,0,1
genuine/034_24_034.PNG,034,1,1,0
genuine/034_13_034.PNG,034,1,1,2
genuine/033_17_033.PNG,033,1,0,0
genuine/033_21_033.PNG,033,1,1,1
genuine/033_20_033.PNG,033,1,1,0
genuine/033_16_033.PNG,033,1,0,0
genuine/033_22_033.PNG,033,1,1,2
genuine/033_14_033.PNG,033,1,1,0
genuine/033_15_033.PNG,033,1,1,1
genuine/033_23_033.PNG,033,1,1,2
genuine/033_19_033.PNG,033,1,1,0
genuine/033_18_033.PNG,033,1,1,0
genuine/033_13_033.PNG,033,1,0,0
genuine/033_24_033.PNG,033,1,1,2
genuine/056_15_056.PNG,056,1,1,0
genuine/056_23_056.PNG,056,1,1,0
genuine/056_22_056.PNG,056,1,1,2
genuine/056_14_056.PNG,056,1,0,1
genuine/056_20_056.PNG,056,1,1,2
genuine/056_16_056.PNG,056,1,1,2
genuine/056_17_056.PNG,056,1,1,2
genuine/056_21_056.PNG,056,1,1,0
genuine/056_24_056.PNG,056,1,0,1
genuine/056_13_056.PNG,056,1,0,2
genuine/056_18_056.PNG,056,1,1,2
genuine/056_19_056.PNG,056,1,0,2
genuine/069_23_069.PNG,069,1,0,2
genuine/069_15_069.PNG,069,1,1,2
genuine/069_14_069.PNG,069,1,1,2
genuine/069_22_069.PNG,069,1,1,0
genuine/069_16_069.PNG,069,1,0,0
genuine/069_20_069.PNG,069,1,0,1
genuine/069_21_069.PNG,069,1,1,0
genuine/069_17_069.PNG,069,1,0,0
genuine/069_24_069.PNG,069,1,0,1
genuine/069_13_069.PNG,069,1,1,1
genuine/069_18_069.PNG,069,1,1,2
genuine/069_19_069.PNG,069,1,0,1
genuine/051_22_051.PNG,051,1,0,1
genuine/051_14_051.PNG,051,1,1,1
genuine/051_15_051.PNG,051,1,0,2
genuine/051_23_051.PNG,051,1,1,0
genuine/051_17_051.PNG,051,1,1,1
genuine/051_21_051.PNG,051,1,0,1
genuine/051_20_051.PNG,051,1,0,2
genuine/051_16_051.PNG,051,1,1,2
genuine/051_13_051.PNG,051,1,1,0
genuine/051_24_051.PNG,051,1,1,1
genuine/051_19_051.PNG,051,1,0,0
genuine/051_18_051.PNG,051,1,1,0
genuine/067_19_067.PNG,067,1,0,2
genuine/067_18_067.PNG,067,1,0,0
genuine/067_13_067.PNG,067,1,1,0
genuine/067_24_067.PNG,067,1,0,2
genuine/067_21_067.PNG,067,1,0,0
genuine/067_17_067.PNG,067,1,0,2
genuine/067_16_067.PNG,067,1,0,0
genuine/067_20_067.PNG,067,1,1,0
genuine/067_14_067.PNG,067,1,0,1
genuine/067_22_067.PNG,067,1,0,0
genuine/067_23_067.PNG,067,1,1,0
genuine/067_15_067.PNG,067,1,0,2
genuine/058_19_058.PNG,058,1,0,0
genuine/058_18_058.PNG,058,1,0,1
genuine/058_13_058.PNG,058,1,0,2
genuine/058_24_058.PNG,058,1,1,0
genuine/058_17_058.PNG,058,1,0,1
genuine/058_21_058.PNG,058,1,0,0
genuine/058_20_058.PNG,058,1,1,2
genuine/058_16_058.PNG,058,1,0,2
genuine/058_22_058.PNG,058,1,0,1
genuine/058_14_058.PNG,058,1,1,1
genuine/058_15_058.PNG,058,1,0,1
genuine/058_23_058.PNG,058,1,0,2
genuine/060_18_060.PNG,060,1,0,2
genuine/060_19_060.PNG,060,1,1,1
genuine/060_24_060.PNG,060,1,0,0
genuine/060_13_060.PNG,060,1,1,1
genuine/060_16_060.PNG,060,1,1,2
genuine/060_20_060.PNG,060,1,0,1
genuine/060_21_060.PNG,060,1,1,0
genuine/060_17_060.PNG,060,1,0,1
genuine/060_23_060.PNG,060,1,0,0
genuine/060_15_060.PNG,060,1,0,1
genuine/060_14_060.PNG,060,1,1,1
genuine/060_22_060.PNG,060,1,1,1
forged/024_07_024.png,024,0,1,0
forged/024_06_024.png,024,0,0,2
genuine/024_03_0120024.PNG,024,1,0,1
genuine/024_02_0119024.PNG,024,1,1,0
genuine/024_04_024.png,024,1,1,1
genuine/024_01_0119024.PNG,024,1,1,1
genuine/024_04_0119024.PNG,024,1,1,2
genuine/024_05_024.png,024,1,0,1
genuine/024_03_0102024.PNG,024,1,1,1
forged/024_10_024.png,024,0,1,1
genuine/024_03_0119024.PNG,024,1,0,2
genuine/024_04_0102024.PNG,024,1,1,0
forged/024_09_024.png,024,0,0,0
genuine/024_02_0120024.PNG,024,1,0,1
forged/024_08_024.png,024,0,0,2
forged/024_11_024.png,024,0,1,0
genuine/024_01_024.png,024,1,0,2
genuine/024_01_0102024.PNG,024,1,1,2
genuine/024_02_0102024.PNG,024,1,0,1
genuine/024_03_024.png,024,1,1,2
genuine/024_04_0120024.PNG,024,1,1,2
forged/024_12_024.png,024,0,0,1
genuine/024_02_024.png,024,1,1,1
genuine/024_01_0120024.PNG,024,1,0,2
forged/023_06_023.png,023,0,0,0
forged/023_07_023.png,023,0,1,0
genuine/023_05_023.png,023,1,0,1
genuine/023_03_0126023.PNG,023,1,1,0
genuine/023_04_023.png,023,1,1,2
genuine/023_03_0203023.PNG,023,1,0,1
genuine/023_04_0203023.PNG,023,1,0,2
forged/023_08_023.png,023,0,1,0
forged/023_11_023.png,023,0,0,1
genuine/023_01_023.png,023,1,1,1
genuine/023_01_0126023.PNG,023,1,1,0
forged/023_10_023.png,023,0,0,0
genuine/023_04_0126023.PNG,023,1,1,0
genuine/023_01_0203023.PNG,023,1,0,2
forged/023_09_023.png,023,0,0,0
genuine/023_02_0203023.PNG,023,1,0,1
forged/023_12_023.png,023,0,1,1
genuine/023_02_023.png,023,1,1,0
genuine/023_02_0126023.PNG,023,1,1,1
genuine/023_03_023.png,023,1,1,2
genuine/046_01_0107046.PNG,046,1,0,0
genuine/046_04_046.png,046,1,0,0
genuine/046_01_0123046.PNG,046,1,0,2
genuine/046_05_046.png,046,1,0,1
genuine/046_04_0107046.PNG,046,1,1,2
genuine/046_04_0123046.PNG,046,1,1,1
forged/046_07_046.png,046,0,1,1
forged/046_06_046.png,046,0,1,0
genuine/046_03_0108046.PNG,046,1,0,1
genuine/046_02_0123046.PNG,046,1,1,0
genuine/046_02_0107046.PNG,046,1,1,2
genuine/046_04_0108046.PNG,046,1,1,2
genuine/046_03_046.png,046,1,1,0
genuine/046_01_0108046.PNG,046,1,0,1
genuine/046_02_046.png,046,1,0,0
forged/046_12_046.png,046,0,0,1
genuine/046_03_0107046.PNG,046,1,0,0
forged/046_10_046.png,046,0,1,1
genuine/046_03_0123046.PNG,046,1,1,0
genuine/046_02_0108046.PNG,046,1,0,1
forged/046_09_046.png,046,0,1,0
forged/046_08_046.png,046,0,0,1
genuine/046_01_046.png,046,1,0,2
forged/046_11_046.png,046,0,1,0
genuine/041_01_0105041.PNG,041,1,1,2
genuine/041_01_0117041.PNG,041,1,0,1
genuine/041_05_041.png,041,1,0,1
genuine/041_04_0117041.PNG,041,1,0,1
genuine/041_04_041.png,041,1,1,2
genuine/041_04_0105041.PNG,041,1,1,2
genuine/041_03_0116041.PNG,041,1,1,1
forged/041_06_041.png,041,0,0,1
genuine/041_02_0117041.PNG,041,1,0,1
genuine/041_02_0105041.PNG,041,1,0,2
forged/041_07_041.png,041,0,1,2
genuine/041_02_041.png,041,1,1,0
forged/041_12_041.png,041,0,1,0
genuine/041_01_0116041.PNG,041,1,0,1
genuine/041_03_041.png,041,1,1,2
genuine/041_04_0116041.PNG,041,1,0,1
forged/041_08_041.png,041,0,1,2
genuine/041_01_041.png,041,1,1,0
forged/041_11_041.png,041,0,1,0
genuine/041_03_0117041.PNG,041,1,0,2
genuine/041_03_0105041.PNG,041,1,0,2
forged/041_10_041.png,041,0,0,1
forged/041_09_041.png,041,0,1,2
genuine/041_02_0116041.PNG,041,1,0,0
forged/048_08_048.png,048,0,0,0
genuine/048_02_0106048.PNG,048,1,1,0
forged/048_11_048.png,048,0,0,2
genuine/048_01_048.png,048,1,0,2
forged/048_10_048.png,048,0,0,0
forged/048_09_048.png,048,0,1,1
genuine/048_03_0204048.PNG,048,1,1,2
forged/048_12_048.png,048,0,1,2
genuine/048_02_048.png,048,1,1,0
genuine/048_04_0106048.PNG,048,1,1,0
genuine/048_03_048.png,048,1,1,1
genuine/048_01_0106048.PNG,048,1,1,1
forged/048_06_048.png,048,0,0,1
genuine/048_02_0204048.PNG,048,1,0,1
genuine/048_03_0106048.PNG,048,1,1,1
forged/048_07_048.png,048,0,0,0
genuine/048_04_0204048.PNG,048,1,1,1
genuine/048_05_048.png,048,1,0,2
genuine/048_04_048.png,048,1,0,2
genuine/048_01_0204048.PNG,048,1,1,1
genuine/013_03_0113013.PNG,013,1,0,1
genuine/013_03_013.png,013,1,0,1
genuine/013_02_0203013.PNG,013,1,1,2
genuine/013_02_013.png,013,1,0,0
forged/013_12_013.png,013,0,1,0
genuine/013_03_0204013.PNG,013,1,1,2
genuine/013_01_0203013.PNG,013,1,0,2
forged/013_09_013.png,013,0,0,0
forged/013_10_013.png,013,0,0,2
genuine/013_01_013.png,013,1,1,1
forged/013_11_013.png,013,0,0,1
genuine/013_04_0203013.PNG,013,1,1,1
forged/013_08_013.png,013,0,1,1
genuine/013_03_0203013.PNG,013,1,1,2
genuine/013_01_0204013.PNG,013,1,0,2
genuine/013_04_013.png,013,1,1,0
genuine/013_05_013.png,013,1,1,0
genuine/013_02_0113013.PNG,013,1,1,1
genuine/013_04_0204013.PNG,013,1,1,2
forged/013_07_013.png,013,0,0,1
genuine/013_01_0113013.PNG,013,1,0,2
genuine/013_02_0204013.PNG,013,1,0,1
forged/013_06_013.png,013,0,1,2
genuine/013_04_0113013.PNG,013,1,1,0
genuine/022_02_0208022.PNG,022,1,0,1
forged/022_06_022.png,022,0,1,2
genuine/022_01_0127022.PNG,022,1,1,0
genuine/022_04_0125022.PNG,022,1,0,2
forged/022_07_022.png,022,0,1,2
genuine/022_02_0214022.PNG,022,1,1,0
genuine/022_01_0125022.PNG,022,1,1,1
genuine/022_04_0127022.PNG,022,1,0,0
genuine/022_02_0125022.PNG,022,1,1,1
genuine/022_01_0214022.PNG,022,1,0,0
genuine/022_04_0208022.PNG,022,1,0,0
genuine/022_05_022.png,022,1,0,1
genuine/022_04_022.png,022,1,0,2
genuine/022_01_0208022.PNG,022,1,0,2
genuine/022_04_0214022.PNG,022,1,1,2
genuine/022_02_0127022.PNG,022,1,0,2
forged/022_08_022.png,022,0,1,0
genuine/022_03_0214022.PNG,022,1,0,0
genuine/022_01_022.png,022,1,0,2
forged/022_11_022.png,022,0,1,0
forged/022_10_022.png,022,0,1,1
forged/022_09_022.png,022,0,0,1
genuine/022_03_0208022.PNG,022,1,1,2
genuine/022_02_022.png,022,1,1,0
forged/022_12_022.png,022,0,0,1
genuine/022_03_0127022.PNG,022,1,1,0
genuine/022_03_022.png,022,1,1,2
genuine/022_03_0125022.PNG,022,1,1,1
genuine/025_02_0121025.PNG,025,1,1,1
forged/025_07_025.png,025,0,1,0
forged/025_06_025.png,025,0,0,2
genuine/025_03_0116025.PNG,025,1,0,1
genuine/025_04_025.png,025,1,0,2
genuine/025_04_0121025.PNG,025,1,1,1
genuine/025_05_025.png,025,1,0,2
genuine/025_01_0121025.PNG,025,1,0,1
forged/025_10_025.png,025,0,0,0
genuine/025_02_0116025.PNG,025,1,1,1
forged/025_09_025.png,025,0,0,1
forged/025_08_025.png,025,0,0,0
genuine/025_03_0121025.PNG,025,1,1,1
genuine/025_01_025.png,025,1,0,1
forged/025_11_025.png,025,0,0,1
genuine/025_04_0116025.PNG,025,1,1,0
genuine/025_03_025.png,025,1,1,0
genuine/025_01_0116025.PNG,025,1,1,0
genuine/025_02_025.png,025,1,0,1
forged/025_12_025.png,025,0,0,2
genuine/049_02_0114049.PNG,049,1,1,0
genuine/049_03_0206049.PNG,049,1,0,0
forged/049_08_049.png,049,0,1,1
genuine/049_01_049.png,049,1,0,2
forged/049_11_049.png,049,0,1,1
forged/049_10_049.png,049,0,0,0
forged/049_09_049.png,049,0,0,1
genuine/049_04_0114049.PNG,049,1,0,0
genuine/049_02_049.png,049,1,1,0
forged/049_12_049.png,049,0,1,0
genuine/049_03_0210049.PNG,049,1,1,0
genuine/049_01_0114049.PNG,049,1,0,0
genuine/049_03_049.png,049,1,1,2
forged/049_06_049.png,049,0,1,0
genuine/049_04_0210049.PNG,049,1,0,1
genuine/049_01_0210049.PNG,049,1,0,2
forged/049_07_049.png,049,0,0,2
genuine/049_02_0206049.PNG,049,1,0,1
genuine/049_03_0114049.PNG,049,1,1,0
genuine/049_01_0206049.PNG,049,1,1,0
genuine/049_05_049.png,049,1,1,0
genuine/049_02_0210049.PNG,049,1,0,2
genuine/049_04_049.png,049,1,1,0
genuine/049_04_0206049.PNG,049,1,0,1
genuine/040_05_040.png,040,1,1,0
genuine/040_01_0121040.PNG,040,1,1,1
genuine/040_04_040.png,040,1,1,2
genuine/040_04_0121040.PNG,040,1,0,1
forged/040_06_040.png,040,0,0,1
genuine/040_02_0121040.PNG,040,1,0,2
forged/040_07_040.png,040,0,0,2
genuine/040_03_0114040.PNG,040,1,1,0
genuine/040_04_0114040.PNG,040,1,0,1
forged/040_12_040.png,040,0,1,2
genuine/040_02_040.png,040,1,0,2
genuine/040_03_040.png,040,1,1,2
genuine/040_01_0114040.PNG,040,1,1,2
genuine/040_02_0114040.PNG,040,1,0,0
forged/040_08_040.png,040,0,0,2
genuine/040_03_0121040.PNG,040,1,1,0
forged/040_11_040.png,040,0,1,0
genuine/040_01_040.png,040,1,0,0
forged/040_10_040.png,040,0,0,1
forged/040_09_040.png,040,0,1,2
genuine/047_02_0212047.PNG,047,1,1,2
genuine/047_04_047.png,047,1,1,1
genuine/047_02_0113047.PNG,047,1,0,2
genuine/047_05_047.png,047,1,0,1
genuine/047_04_0212047.PNG,047,1,1,0
genuine/047_01_0113047.PNG,047,1,1,1
genuine/047_03_0114047.PNG,047,1,0,1
forged/047_07_047.png,047,0,1,1
genuine/047_04_0113047.PNG,047,1,1,1
forged/047_06_047.png,047,0,1,0
genuine/047_01_0212047.PNG,047,1,1,2
genuine/047_03_047.png,047,1,1,1
genuine/047_01_0114047.PNG,047,1,1,0
genuine/047_03_0113047.PNG,047,1,1,0
forged/047_12_047.png,047,0,1,2
genuine/047_02_047.png,047,1,0,2
genuine/047_04_0114047.PNG,047,1,1,1
genuine/047_03_0212047.PNG,047,1,0,0
forged/047_10_047.png,047,0,1,2
forged/047_09_047.png,047,0,1,1
forged/047_08_047.png,047,0,1,2
genuine/047_02_0114047.PNG,047,1,1,0
forged/047_11_047.png,047,0,1,1
genuine/047_01_047.png,047,1,1,0
forged/065_09_065.png,065,0,1,2
forged/065_10_065.png,065,0,1,1
genuine/065_01_065.png,065,1,0,0
forged/065_11_065.png,065,0,1,1
forged/065_08_065.png,065,0,0,0
genuine/065_03_0206065.PNG,065,1,0,2
genuine/065_02_0118065.PNG,065,1,1,0
genuine/065_03_065.png,065,1,0,0
genuine/065_01_0118065.PNG,065,1,0,2
genuine/065_04_0118065.PNG,065,1,1,1
genuine/065_02_065.png,065,1,1,2
forged/065_12_065.png,065,0,0,2
genuine/065_03_0118065.PNG,065,1,0,2
genuine/065_02_0206065.PNG,065,1,1,1
forged/065_07_065.png,065,0,1,1
forged/065_06_065.png,065,0,0,2
genuine/065_04_0206065.PNG,065,1,0,2
genuine/065_04_065.png,065,1,1,1
genuine/065_05_065.png,065,1,1,2
genuine/065_01_0206065.PNG,065,1,1,0
genuine/062_03_0109062.PNG,062,1,0,0
genuine/062_01_062.png,062,1,0,1
forged/062_11_062.png,062,0,1,2
genuine/062_01_0201062.PNG,062,1,0,1
forged/062_08_062.png,062,0,1,2
genuine/062_02_0116062.PNG,062,1,1,0
forged/062_09_062.png,062,0,1,2
genuine/062_04_0201062.PNG,062,1,1,0
forged/062_10_062.png,062,0,0,0
genuine/062_01_0116062.PNG,062,1,0,1
genuine/062_02_062.png,062,1,0,2
forged/062_12_062.png,062,0,1,0
genuine/062_02_0201062.PNG,062,1,1,2
genuine/062_04_0116062.PNG,062,1,1,2
genuine/062_03_062.png,062,1,0,2
forged/062_06_062.png,062,0,1,1
genuine/062_03_0116062.PNG,062,1,0,2
forged/062_07_062.png,062,0,0,1
genuine/062_02_0109062.PNG,062,1,0,0
genuine/062_01_0109062.PNG,062,1,0,0
genuine/062_05_062.png,062,1,0,1
genuine/062_03_0201062.PNG,062,1,0,1
genuine/062_04_062.png,062,1,1,1
genuine/062_04_0109062.PNG,062,1,0,2
genuine/054_04_0208054.PNG,054,1,0,0
genuine/054_01_0214054.PNG,054,1,1,1
genuine/054_03_0102054.PNG,054,1,1,2
genuine/054_05_054.png,054,1,1,1
genuine/054_04_054.png,054,1,0,0
genuine/054_03_0124054.PNG,054,1,1,2
genuine/054_04_0214054.PNG,054,1,0,1
genuine/054_01_0208054.PNG,054,1,1,2
forged/054_06_054.png,054,0,1,0
genuine/054_02_0208054.PNG,054,1,0,0
genuine/054_03_0207054.PNG,054,1,1,2
genuine/054_02_0214054.PNG,054,1,0,0
forged/054_07_054.png,054,0,0,1
genuine/054_02_054.png,054,1,0,0
forged/054_12_054.png,054,0,1,2
genuine/054_01_0207054.PNG,054,1,0,1
genuine/054_02_0124054.PNG,054,1,1,0
genuine/054_04_0207054.PNG,054,1,1,0
genuine/054_02_0102054.PNG,054,1,1,0
genuine/054_03_054.png,054,1,1,2
genuine/054_03_0214054.PNG,054,1,0,2
forged/054_08_054.png,054,0,0,2
genuine/054_01_0102054.PNG,054,1,0,0
genuine/054_01_054.png,054,1,1,2
forged/054_11_054.png,054,0,0,0
genuine/054_04_0124054.PNG,054,1,0,0
genuine/054_04_0102054.PNG,054,1,1,2
genuine/054_01_0124054.PNG,054,1,0,2
forged/054_10_054.png,054,0,1,2
genuine/054_02_0207054.PNG,054,1,0,1
forged/054_09_054.png,054,0,1,2
genuine/054_03_0208054.PNG,054,1,1,1
genuine/053_01_0115053.PNG,053,1,0,2
genuine/053_04_053.png,053,1,1,1
genuine/053_01_0107053.PNG,053,1,1,0
genuine/053_02_0202053.PNG,053,1,0,0
genuine/053_04_0107053.PNG,053,1,1,1
genuine/053_04_0115053.PNG,053,1,1,1
genuine/053_05_053.png,053,1,0,1
genuine/053_01_0202053.PNG,053,1,0,1
forged/053_07_053.png,053,0,1,2
forged/053_06_053.png,053,0,1,1
genuine/053_02_0107053.PNG,053,1,0,1
genuine/053_02_0115053.PNG,053,1,0,1
genuine/053_03_0207053.PNG,053,1,0,1
genuine/053_04_0202053.PNG,053,1,0,1
genuine/053_04_0207053.PNG,053,1,1,0
genuine/053_03_0202053.PNG,053,1,0,0
genuine/053_03_053.png,053,1,0,1
genuine/053_02_053.png,053,1,1,2
forged/053_12_053.png,053,0,1,0
genuine/053_01_0207053.PNG,053,1,0,1
genuine/053_02_0207053.PNG,053,1,1,0
forged/053_10_053.png,053,0,0,1
genuine/053_03_0107053.PNG,053,1,1,1
genuine/053_03_0115053.PNG,053,1,1,1
forged/053_09_053.png,053,0,0,0
forged/053_08_053.png,053,0,1,2
genuine/053_01_053.png,053,1,1,0
forged/053_11_053.png,053,0,0,2
genuine/038_02_0213038.PNG,038,1,1,0
genuine/038_03_0101038.PNG,038,1,0,1
genuine/038_03_038.png,038,1,1,2
genuine/038_02_038.png,038,1,1,1
forged/038_12_038.png,038,0,0,0
genuine/038_02_0124038.PNG,038,1,1,0
genuine/038_01_0124038.PNG,038,1,1,2
forged/038_10_038.png,038,0,1,1
genuine/038_04_0213038.PNG,038,1,1,0
forged/038_09_038.png,038,0,1,0
forged/038_08_038.png,038,0,0,1
genuine/038_01_0213038.PNG,038,1,1,0
genuine/038_01_038.png,038,1,1,2
forged/038_11_038.png,038,0,1,2
genuine/038_04_0124038.PNG,038,1,1,2
genuine/038_04_038.png,038,1,0,0
genuine/038_03_0124038.PNG,038,1,0,1
genuine/038_02_0101038.PNG,038,1,1,1
genuine/038_03_0213038.PNG,038,1,1,0
genuine/038_05_038.png,038,1,0,2
forged/038_07_038.png,038,0,1,2
genuine/038_01_0101038.PNG,038,1,0,0
forged/038_06_038.png,038,0,0,0
genuine/038_04_0101038.PNG,038,1,1,1
forged/036_06_036.png,036,0,1,0
genuine/036_02_0123036.PNG,036,1,0,1
genuine/036_02_0109036.PNG,036,1,1,0
genuine/036_03_0118036.PNG,036,1,1,2
forged/036_07_036.png,036,0,1,2
genuine/036_04_0123036.PNG,036,1,1,2
genuine/036_05_036.png,036,1,1,2
genuine/036_01_0109036.PNG,036,1,1,1
genuine/036_01_0123036.PNG,036,1,0,1
genuine/036_04_0109036.PNG,036,1,1,2
genuine/036_04_036.png,036,1,0,1
forged/036_08_036.png,036,0,1,2
genuine/036_02_0118036.PNG,036,1,0,2
forged/036_11_036.png,036,0,1,1
genuine/036_01_036.png,036,1,0,2
genuine/036_03_0109036.PNG,036,1,0,2
genuine/036_03_0123036.PNG,036,1,1,0
forged/036_10_036.png,036,0,1,0
forged/036_09_036.png,036,0,0,0
genuine/036_04_0118036.PNG,036,1,0,0
forged/036_12_036.png,036,0,0,1
genuine/036_02_036.png,036,1,1,1
genuine/036_03_036.png,036,1,0,1
genuine/036_01_0118036.PNG,036,1,0,1
genuine/031_02_0121031.PNG,031,1,1,2
forged/031_07_031.png,031,0,0,2
genuine/031_04_0103031.PNG,031,1,0,2
forged/031_06_031.png,031,0,0,2
genuine/031_01_0103031.PNG,031,1,1,2
genuine/031_04_031.png,031,1,1,2
genuine/031_04_0121031.PNG,031,1,1,1
genuine/031_02_0103031.PNG,031,1,0,1
genuine/031_05_031.png,031,1,1,2
genuine/031_01_0121031.PNG,031,1,1,2
forged/031_10_031.png,031,0,1,2
forged/031_09_031.png,031,0,1,0
forged/031_08_031.png,031,0,0,1
genuine/031_03_0121031.PNG,031,1,1,0
forged/031_11_031.png,031,0,1,1
genuine/031_01_031.png,031,1,0,2
genuine/031_03_031.png,031,1,1,1
genuine/031_03_0103031.PNG,031,1,1,1
forged/031_12_031.png,031,0,1,1
genuine/031_02_031.png,031,1,0,2
genuine/052_04_052.png,052,1,1,1
genuine/052_04_0109052.PNG,052,1,1,0
genuine/052_01_0109052.PNG,052,1,1,0
genuine/052_05_052.png,052,1,1,2
genuine/052_02_0210052.PNG,052,1,0,1
genuine/052_01_0210052.PNG,052,1,1,2
genuine/052_02_0109052.PNG,052,1,1,2
forged/052_07_052.png,052,0,1,0
genuine/052_03_0106052.PNG,052,1,0,2
forged/052_06_052.png,052,0,1,2
genuine/052_04_0210052.PNG,052,1,1,0
genuine/052_03_0207052.PNG,052,1,0,2
genuine/052_03_0210052.PNG,052,1,0,0
genuine/052_04_0207052.PNG,052,1,0,2
genuine/052_01_0106052.PNG,052,1,0,2
genuine/052_03_052.png,052,1,0,0
genuine/052_04_0106052.PNG,052,1,0,1
forged/052_12_052.png,052,0,1,2
genuine/052_02_052.png,052,1,1,0
genuine/052_01_0207052.PNG,052,1,0,0
forged/052_10_052.png,052,0,0,1
genuine/052_02_0207052.PNG,052,1,1,1
forged/052_09_052.png,052,0,0,1
genuine/052_02_0106052.PNG,052,1,1,1
forged/052_08_052.png,052,0,0,0
genuine/052_03_0109052.PNG,052,1,0,2
forged/052_11_052.png,052,0,0,0
genuine/052_01_052.png,052,1,1,0
genuine/055_02_0202055.PNG,055,1,0,1
genuine/055_05_055.png,055,1,1,0
genuine/055_04_055.png,055,1,1,0
forged/055_06_055.png,055,0,0,1
genuine/055_03_0120055.PNG,055,1,0,1
genuine/055_04_0202055.PNG,055,1,1,1
genuine/055_01_0202055.PNG,055,1,1,0
genuine/055_03_0118055.PNG,055,1,1,1
forged/055_07_055.png,055,0,0,0
genuine/055_04_0118055.PNG,055,1,1,0
forged/055_12_055.png,055,0,1,2
genuine/055_02_055.png,055,1,1,2
genuine/055_01_0120055.PNG,055,1,0,0
genuine/055_03_0202055.PNG,055,1,1,1
genuine/055_03_055.png,055,1,0,0
genuine/055_01_0118055.PNG,055,1,1,1
genuine/055_04_0120055.PNG,055,1,1,0
forged/055_08_055.png,055,0,1,2
genuine/055_02_0118055.PNG,055,1,0,0
forged/055_11_055.png,055,0,0,1
genuine/055_01_055.png,055,1,1,0
forged/055_10_055.png,055,0,0,1
forged/055_09_055.png,055,0,1,0
genuine/055_02_0120055.PNG,055,1,1,1
forged/063_11_063.png,063,0,1,1
genuine/063_01_063.png,063,1,0,1
forged/063_08_063.png,063,0,1,2
forged/063_09_063.png,063,0,0,0
genuine/063_02_0108063.PNG,063,1,0,1
genuine/063_02_0104063.PNG,063,1,1,0
forged/063_10_063.png,063,0,1,2
genuine/063_03_0119063.PNG,063,1,1,2
genuine/063_01_0104063.PNG,063,1,0,2
forged/063_12_063.png,063,0,1,1
genuine/063_02_063.png,063,1,0,0
genuine/063_01_0108063.PNG,063,1,0,1
genuine/063_03_063.png,063,1,0,1
genuine/063_04_0108063.PNG,063,1,1,1
genuine/063_04_0104063.PNG,063,1,1,2
genuine/063_02_0119063.PNG,063,1,0,0
genuine/063_03_0108063.PNG,063,1,0,2
genuine/063_03_0104063.PNG,063,1,1,2
forged/063_06_063.png,063,0,1,0
forged/063_07_063.png,063,0,0,0
genuine/063_04_0119063.PNG,063,1,0,2
genuine/063_05_063.png,063,1,0,0
genuine/063_04_063.png,063,1,1,2
genuine/063_01_0119063.PNG,063,1,1,0
genuine/064_01_0203064.PNG,064,1,0,2
forged/064_09_064.png,064,0,1,0
forged/064_10_064.png,064,0,1,0
genuine/064_03_0105064.PNG,064,1,1,0
forged/064_11_064.png,064,0,1,1
genuine/064_01_064.png,064,1,0,2
genuine/064_04_0203064.PNG,064,1,1,2
forged/064_08_064.png,064,0,1,2
genuine/064_03_064.png,064,1,0,1
genuine/064_02_0203064.PNG,064,1,1,0
forged/064_12_064.png,064,0,0,2
genuine/064_02_064.png,064,1,0,0
forged/064_07_064.png,064,0,1,1
genuine/064_02_0105064.PNG,064,1,0,2
forged/064_06_064.png,064,0,0,0
genuine/064_03_0203064.PNG,064,1,1,0
genuine/064_04_0105064.PNG,064,1,1,1
genuine/064_04_064.png,064,1,0,0
genuine/064_05_064.png,064,1,1,1
genuine/064_01_0105064.PNG,064,1,1,1
genuine/030_02_0109030.PNG,030,1,1,1
genuine/030_03_0114030.PNG,030,1,0,2
forged/030_07_030.png,030,0,0,2
forged/030_06_030.png,030,0,1,0
genuine/030_04_0109030.PNG,030,1,0,2
genuine/030_04_030.png,030,1,1,2
genuine/030_03_0213030.PNG,030,1,0,2
genuine/030_05_030.png,030,1,0,0
genuine/030_01_0109030.PNG,030,1,0,1
forged/030_10_030.png,030,0,1,2
forged/030_09_030.png,030,0,1,2
genuine/030_04_0213030.PNG,030,1,1,0
genuine/030_01_0213030.PNG,030,1,0,1
forged/030_08_030.png,030,0,1,0
genuine/030_02_0114030.PNG,030,1,1,0
genuine/030_01_030.png,030,1,0,0
forged/030_11_030.png,030,0,1,2
genuine/030_03_0109030.PNG,030,1,0,0
genuine/030_01_0114030.PNG,030,1,0,0
genuine/030_03_030.png,030,1,0,2
genuine/030_02_0213030.PNG,030,1,0,1
genuine/030_02_030.png,030,1,0,0
forged/030_12_030.png,030,0,0,1
genuine/030_04_0114030.PNG,030,1,1,0
forged/037_06_037.png,037,0,0,0
genuine/037_02_0208037.PNG,037,1,0,2
genuine/037_02_0123037.PNG,037,1,1,0
genuine/037_02_0214037.PNG,037,1,1,2
forged/037_07_037.png,037,0,1,0
genuine/037_03_0114037.PNG,037,1,1,0
genuine/037_04_0208037.PNG,037,1,0,1
genuine/037_01_0214037.PNG,037,1,1,1
genuine/037_05_037.png,037,1,0,2
genuine/037_04_0123037.PNG,037,1,0,2
genuine/037_04_037.png,037,1,1,2
genuine/037_01_0123037.PNG,037,1,1,0
genuine/037_04_0214037.PNG,037,1,1,2
genuine/037_01_0208037.PNG,037,1,1,2
genuine/037_02_0114037.PNG,037,1,1,2
genuine/037_03_0214037.PNG,037,1,1,1
forged/037_08_037.png,037,0,0,1
genuine/037_01_037.png,037,1,1,0
forged/037_11_037.png,037,0,1,0
forged/037_10_037.png,037,0,0,1
genuine/037_03_0123037.PNG,037,1,0,1
forged/037_09_037.png,037,0,0,2
genuine/037_03_0208037.PNG,037,1,1,1
genuine/037_04_0114037.PNG,037,1,0,1
genuine/037_02_037.png,037,1,0,1
forged/037_12_037.png,037,0,0,1
genuine/037_01_0114037.PNG,037,1,0,1
genuine/037_03_037.png,037,1,1,0
genuine/039_02_0102039.PNG,039,1,0,0
genuine/039_03_039.png,039,1,1,1
genuine/039_04_0108039.PNG,039,1,0,0
genuine/039_03_0113039.PNG,039,1,0,2
forged/039_12_039.png,039,0,0,1
genuine/039_02_039.png,039,1,0,1
genuine/039_01_0108039.PNG,039,1,1,0
forged/039_10_039.png,039,0,0,0
genuine/039_04_0102039.PNG,039,1,0,2
forged/039_09_039.png,039,0,1,0
genuine/039_02_0108039.PNG,039,1,0,1
forged/039_08_039.png,039,0,0,2
forged/039_11_039.png,039,0,1,1
genuine/039_01_039.png,039,1,1,1
genuine/039_01_0102039.PNG,039,1,1,1
genuine/039_04_039.png,039,1,1,1
genuine/039_02_0113039.PNG,039,1,1,1
genuine/039_05_039.png,039,1,0,2
genuine/039_03_0102039.PNG,039,1,1,1
genuine/039_01_0113039.PNG,039,1,0,1
forged/039_07_039.png,039,0,1,1
genuine/039_03_0108039.PNG,039,1,0,2
genuine/039_04_0113039.PNG,039,1,0,2
forged/039_06_039.png,039,0,0,0
genuine/042_04_0107042.PNG,042,1,1,2
genuine/042_05_042.png,042,1,1,1
genuine/042_04_0204042.PNG,042,1,0,0
genuine/042_01_0204042.PNG,042,1,1,0
genuine/042_04_042.png,042,1,1,2
genuine/042_01_0107042.PNG,042,1,0,1
genuine/042_02_0107042.PNG,042,1,1,1
forged/042_06_042.png,042,0,1,2
genuine/042_02_0204042.PNG,042,1,1,1
genuine/042_03_0118042.PNG,042,1,0,2
forged/042_07_042.png,042,0,1,0
genuine/042_04_0118042.PNG,042,1,0,2
forged/042_12_042.png,042,0,1,0
genuine/042_02_042.png,042,1,0,2
genuine/042_03_042.png,042,1,0,0
genuine/042_01_0118042.PNG,042,1,0,0
forged/042_11_042.png,042,0,1,0
genuine/042_01_042.png,042,1,0,0
forged/042_08_042.png,042,0,0,0
genuine/042_02_0118042.PNG,042,1,0,2
forged/042_09_042.png,042,0,1,1
genuine/042_03_0204042.PNG,042,1,0,2
forged/042_10_042.png,042,0,1,2
genuine/042_03_0107042.PNG,042,1,1,0
genuine/045_02_0111045.PNG,045,1,0,2
genuine/045_04_045.png,045,1,1,0
genuine/045_05_045.png,045,1,0,2
forged/045_07_045.png,045,0,1,2
genuine/045_04_0111045.PNG,045,1,1,0
genuine/045_03_0205045.PNG,045,1,1,0
forged/045_06_045.png,045,0,0,0
genuine/045_01_0111045.PNG,045,1,0,0
genuine/045_03_0116045.PNG,045,1,0,2
genuine/045_04_0116045.PNG,045,1,1,1
genuine/045_03_045.png,045,1,1,1
genuine/045_01_0205045.PNG,045,1,0,1
genuine/045_04_0205045.PNG,045,1,1,1
genuine/045_01_0116045.PNG,045,1,0,2
forged/045_12_045.png,045,0,0,1
genuine/045_02_045.png,045,1,0,2
genuine/045_03_0111045.PNG,045,1,0,0
genuine/045_02_0116045.PNG,045,1,1,1
forged/045_09_045.png,045,0,1,2
forged/045_10_045.png,045,0,1,0
forged/045_11_045.png,045,0,0,2
genuine/045_01_045.png,045,1,0,0
genuine/045_02_0205045.PNG,045,1,1,1
forged/045_08_045.png,045,0,1,2
genuine/020_01_0127020.PNG,020,1,0,2
forged/020_06_020.png,020,0,0,0
genuine/020_04_0101020.PNG,020,1,0,2
genuine/020_04_0127020.PNG,020,1,1,1
forged/020_07_020.png,020,0,0,0
genuine/020_02_0105020.PNG,020,1,1,2
genuine/020_02_0117020.PNG,020,1,0,0
genuine/020_05_020.png,020,1,1,0
genuine/020_01_0117020.PNG,020,1,0,2
genuine/020_01_0105020.PNG,020,1,0,2
genuine/020_02_0101020.PNG,020,1,1,0
genuine/020_03_0213020.PNG,020,1,1,0
genuine/020_02_0127020.PNG,020,1,0,2
genuine/020_04_0105020.PNG,020,1,1,2
genuine/020_04_020.png,020,1,1,1
genuine/020_04_0117020.PNG,020,1,0,2
genuine/020_03_0105020.PNG,020,1,0,2
genuine/020_03_0117020.PNG,020,1,1,0
genuine/020_01_020.png,020,1,0,1
forged/020_11_020.png,020,0,0,0
genuine/020_01_0213020.PNG,020,1,1,2
forged/020_08_020.png,020,0,1,1
genuine/020_04_0213020.PNG,020,1,0,2
forged/020_09_020.png,020,0,1,1
forged/020_10_020.png,020,0,1,0
genuine/020_03_0127020.PNG,020,1,1,2
genuine/020_02_020.png,020,1,1,1
forged/020_12_020.png,020,0,0,2
genuine/020_02_0213020.PNG,020,1,1,0
genuine/020_03_0101020.PNG,020,1,1,0
genuine/020_03_020.png,020,1,0,0
genuine/027_01_0101027.PNG,027,1,1,0
forged/027_07_027.png,027,0,1,2
genuine/027_04_0212027.PNG,027,1,0,2
genuine/027_01_0212027.PNG,027,1,1,1
genuine/027_04_0101027.PNG,027,1,1,0
forged/027_06_027.png,027,0,0,0
genuine/027_02_0212027.PNG,027,1,1,1
genuine/027_04_027.png,027,1,1,1
genuine/027_05_027.png,027,1,0,0
genuine/027_02_0101027.PNG,027,1,0,0
forged/027_09_027.png,027,0,1,1
forged/027_10_027.png,027,0,1,0
genuine/027_01_027.png,027,1,0,0
forged/027_11_027.png,027,0,1,2
forged/027_08_027.png,027,0,0,2
genuine/027_03_027.png,027,1,1,1
genuine/027_03_0101027.PNG,027,1,0,1
genuine/027_03_0212027.PNG,027,1,1,1
genuine/027_02_027.png,027,1,0,2
forged/027_12_027.png,027,0,0,2
genuine/018_01_0202018.PNG,018,1,0,2
genuine/018_03_0106018.PNG,018,1,1,0
forged/018_07_018.png,018,0,0,1
forged/018_06_018.png,018,0,1,1
genuine/018_04_0202018.PNG,018,1,1,0
genuine/018_04_018.png,018,1,0,0
genuine/018_03_0112018.PNG,018,1,1,1
genuine/018_02_0202018.PNG,018,1,1,1
genuine/018_05_018.png,018,1,1,0
forged/018_10_018.png,018,0,1,1
genuine/018_01_0112018.PNG,018,1,0,2
forged/018_09_018.png,018,0,1,2
forged/018_08_018.png,018,0,0,1
genuine/018_02_0106018.PNG,018,1,0,0
forged/018_11_018.png,018,0,1,0
genuine/018_01_018.png,018,1,1,1
genuine/018_04_0112018.PNG,018,1,1,1
genuine/018_03_0202018.PNG,018,1,1,1
genuine/018_03_018.png,018,1,1,2
genuine/018_01_0106018.PNG,018,1,0,1
forged/018_12_018.png,018,0,1,2
genuine/018_02_018.png,018,1,0,1
genuine/018_04_0106018.PNG,018,1,1,0
genuine/018_02_0112018.PNG,018,1,1,1
genuine/029_02_0203029.PNG,029,1,1,2
genuine/029_01_0104029.PNG,029,1,1,2
forged/029_12_029.png,029,0,0,1
genuine/029_02_029.png,029,1,1,1
genuine/029_04_0104029.PNG,029,1,1,1
genuine/029_03_029.png,029,1,0,2
forged/029_11_029.png,029,0,0,2
genuine/029_01_029.png,029,1,0,2
genuine/029_04_0203029.PNG,029,1,0,2
forged/029_08_029.png,029,0,1,2
genuine/029_02_0104029.PNG,029,1,0,1
genuine/029_01_0203029.PNG,029,1,1,2
forged/029_09_029.png,029,0,0,1
genuine/029_03_0115029.PNG,029,1,1,0
forged/029_10_029.png,029,0,1,0
genuine/029_05_029.png,029,1,1,2
genuine/029_04_0115029.PNG,029,1,0,2
genuine/029_03_0203029.PNG,029,1,1,1
genuine/029_04_029.png,029,1,0,1
genuine/029_01_0115029.PNG,029,1,1,2
genuine/029_02_0115029.PNG,029,1,1,2
forged/029_06_029.png,029,0,1,2
genuine/029_03_0104029.PNG,029,1,0,1
forged/029_07_029.png,029,0,0,0
genuine/044_03_0211044.PNG,044,1,0,2
genuine/044_02_0103044.PNG,044,1,1,0
genuine/044_04_044.png,044,1,0,2
genuine/044_03_0112044.PNG,044,1,1,1
genuine/044_05_044.png,044,1,1,0
genuine/044_04_0103044.PNG,044,1,0,0
forged/044_07_044.png,044,0,1,0
genuine/044_01_0103044.PNG,044,1,0,1
forged/044_06_044.png,044,0,1,1
genuine/044_03_044.png,044,1,1,2
genuine/044_02_0112044.PNG,044,1,0,1
genuine/044_02_044.png,044,1,0,1
forged/044_12_044.png,044,0,0,1
genuine/044_03_0103044.PNG,044,1,1,0
genuine/044_02_0211044.PNG,044,1,0,2
forged/044_09_044.png,044,0,0,1
genuine/044_01_0211044.PNG,044,1,1,1
forged/044_10_044.png,044,0,1,0
genuine/044_01_0112044.PNG,044,1,1,1
genuine/044_01_044.png,044,1,1,0
forged/044_11_044.png,044,0,1,2
genuine/044_04_0112044.PNG,044,1,1,1
genuine/044_04_0211044.PNG,044,1,0,1
forged/044_08_044.png,044,0,0,2
genuine/043_05_043.png,043,1,0,0
genuine/043_03_0201043.PNG,043,1,1,2
genuine/043_02_0111043.PNG,043,1,0,2
genuine/043_03_0211043.PNG,043,1,0,2
genuine/043_04_043.png,043,1,0,2
forged/043_06_043.png,043,0,0,2
genuine/043_01_0111043.PNG,043,1,0,1
forged/043_07_043.png,043,0,1,1
genuine/043_04_0111043.PNG,043,1,0,1
genuine/043_02_0211043.PNG,043,1,0,0
genuine/043_02_043.png,043,1,1,1
forged/043_12_043.png,043,0,0,2
genuine/043_03_0111043.PNG,043,1,0,1
genuine/043_02_0201043.PNG,043,1,1,1
genuine/043_03_043.png,043,1,0,2
genuine/043_01_043.png,043,1,0,0
forged/043_11_043.png,043,0,1,2
genuine/043_01_0201043.PNG,043,1,0,2
forged/043_08_043.png,043,0,0,2
genuine/043_04_0211043.PNG,043,1,0,1
genuine/043_01_0211043.PNG,043,1,1,0
forged/043_09_043.png,043,0,1,0
genuine/043_04_0201043.PNG,043,1,1,2
forged/043_10_043.png,043,0,1,2
forged/017_12_017.png,017,0,1,2
genuine/017_02_017.png,017,1,1,2
genuine/017_02_0211017.PNG,017,1,1,2
genuine/017_02_0124017.PNG,017,1,0,1
genuine/017_03_017.png,017,1,1,1
genuine/017_04_0211017.PNG,017,1,0,2
forged/017_08_017.png,017,0,1,2
genuine/017_04_0124017.PNG,017,1,0,2
forged/017_11_017.png,017,0,0,1
genuine/017_01_017.png,017,1,0,0
forged/017_10_017.png,017,0,1,0
genuine/017_01_0124017.PNG,017,1,0,1
genuine/017_03_0107017.PNG,017,1,0,2
forged/017_09_017.png,017,0,1,1
genuine/017_01_0211017.PNG,017,1,0,2
genuine/017_04_0107017.PNG,017,1,1,1
genuine/017_05_017.png,017,1,0,1
genuine/017_03_0124017.PNG,017,1,0,2
genuine/017_04_017.png,017,1,0,1
genuine/017_01_0107017.PNG,017,1,1,0
genuine/017_03_0211017.PNG,017,1,0,1
forged/017_06_017.png,017,0,1,2
genuine/017_02_0107017.PNG,017,1,0,1
forged/017_07_017.png,017,0,0,1
genuine/028_03_0212028.PNG,028,1,0,0
genuine/028_04_0205028.PNG,028,1,1,2
genuine/028_02_028.png,028,1,1,1
forged/028_12_028.png,028,0,1,1
genuine/028_03_028.png,028,1,1,1
genuine/028_01_0205028.PNG,028,1,0,0
genuine/028_02_0126028.PNG,028,1,0,0
genuine/028_01_0126028.PNG,028,1,1,0
genuine/028_02_0205028.PNG,028,1,1,0
genuine/028_01_028.png,028,1,1,0
forged/028_11_028.png,028,0,1,2
forged/028_08_028.png,028,0,1,2
forged/028_09_028.png,028,0,0,2
genuine/028_04_0126028.PNG,028,1,0,1
forged/028_10_028.png,028,0,1,2
genuine/028_03_0126028.PNG,028,1,0,2
genuine/028_05_028.png,028,1,1,2
genuine/028_02_0212028.PNG,028,1,0,1
genuine/028_04_028.png,028,1,0,2
genuine/028_01_0212028.PNG,028,1,0,1
forged/028_06_028.png,028,0,0,1
forged/028_07_028.png,028,0,1,1
genuine/028_04_0212028.PNG,028,1,0,1
genuine/028_03_0205028.PNG,028,1,0,0
genuine/026_01_0125026.PNG,026,1,0,2
forged/026_07_026.png,026,0,1,2
genuine/026_02_0123026.PNG,026,1,1,0
genuine/026_02_0119026.PNG,026,1,0,0
genuine/026_04_0125026.PNG,026,1,0,0
forged/026_06_026.png,026,0,1,2
genuine/026_01_0119026.PNG,026,1,1,2
genuine/026_04_026.png,026,1,0,1
genuine/026_01_0123026.PNG,026,1,1,1
genuine/026_05_026.png,026,1,1,2
genuine/026_04_0119026.PNG,026,1,0,0
genuine/026_04_0123026.PNG,026,1,1,0
genuine/026_02_0125026.PNG,026,1,1,2
forged/026_09_026.png,026,0,0,2
genuine/026_03_0119026.PNG,026,1,0,0
forged/026_10_026.png,026,0,0,2
genuine/026_03_0123026.PNG,026,1,1,0
forged/026_11_026.png,026,0,1,1
genuine/026_01_026.png,026,1,0,2
forged/026_08_026.png,026,0,1,2
genuine/026_03_0125026.PNG,026,1,1,1
genuine/026_03_026.png,026,1,1,0
forged/026_12_026.png,026,0,0,1
genuine/026_02_026.png,026,1,1,2
forged/019_07_019.png,019,0,1,1
forged/019_06_019.png,019,0,1,1
genuine/019_03_0116019.PNG,019,1,0,2
genuine/019_02_0115019.PNG,019,1,0,2
genuine/019_02_0119019.PNG,019,1,1,2
genuine/019_01_0119019.PNG,019,1,1,0
genuine/019_04_019.png,019,1,1,0
genuine/019_01_0115019.PNG,019,1,1,0
genuine/019_05_019.png,019,1,1,1
genuine/019_04_0115019.PNG,019,1,1,1
genuine/019_04_0119019.PNG,019,1,1,2
genuine/019_03_0115019.PNG,019,1,0,2
genuine/019_03_0119019.PNG,019,1,1,1
forged/019_10_019.png,019,0,0,0
genuine/019_02_0116019.PNG,019,1,0,2
forged/019_09_019.png,019,0,1,0
forged/019_08_019.png,019,0,0,0
genuine/019_01_019.png,019,1,1,1
forged/019_11_019.png,019,0,0,1
genuine/019_04_0116019.PNG,019,1,0,2
genuine/019_03_019.png,019,1,0,2
genuine/019_01_0116019.PNG,019,1,1,0
genuine/019_02_019.png,019,1,1,0
forged/019_12_019.png,019,0,1,1
forged/021_06_021.png,021,0,0,1
genuine/021_02_0204021.PNG,021,1,0,0
forged/021_07_021.png,021,0,1,2
genuine/021_03_0110021.PNG,021,1,1,2
genuine/021_05_021.png,021,1,0,1
genuine/021_04_0204021.PNG,021,1,0,2
genuine/021_03_0211021.PNG,021,1,0,0
genuine/021_01_0204021.PNG,021,1,0,1
genuine/021_04_021.png,021,1,0,0
forged/021_11_021.png,021,0,0,2
genuine/021_01_021.png,021,1,1,0
genuine/021_01_0110021.PNG,021,1,0,2
genuine/021_04_0211021.PNG,021,1,1,0
forged/021_08_021.png,021,0,1,2
forged/021_09_021.png,021,0,0,1
genuine/021_03_0204021.PNG,021,1,0,0
genuine/021_01_0211021.PNG,021,1,1,0
forged/021_10_021.png,021,0,0,0
genuine/021_04_0110021.PNG,021,1,1,1
forged/021_12_021.png,021,0,1,0
genuine/021_02_021.png,021,1,1,0
genuine/021_02_0211021.PNG,021,1,0,0
genuine/021_03_021.png,021,1,0,2
genuine/021_02_0110021.PNG,021,1,0,1
forged/032_07_032.png,032,0,1,2
genuine/032_02_0117032.PNG,032,1,0,2
genuine/032_03_0120032.PNG,032,1,0,1
forged/032_06_032.png,032,0,1,0
genuine/032_03_0112032.PNG,032,1,0,0
genuine/032_04_032.png,032,1,0,0
genuine/032_04_0117032.PNG,032,1,1,1
genuine/032_05_032.png,032,1,1,1
genuine/032_01_0117032.PNG,032,1,0,0
genuine/032_02_0120032.PNG,032,1,1,2
forged/032_09_032.png,032,0,0,0
genuine/032_01_0112032.PNG,032,1,1,2
forged/032_10_032.png,032,0,0,2
genuine/032_04_0112032.PNG,032,1,1,0
genuine/032_03_0117032.PNG,032,1,0,2
genuine/032_01_032.png,032,1,1,1
forged/032_11_032.png,032,0,0,0
forged/032_08_032.png,032,0,1,1
genuine/032_04_0120032.PNG,032,1,0,0
genuine/032_03_032.png,032,1,1,2
genuine/032_02_0112032.PNG,032,1,0,2
genuine/032_01_0120032.PNG,032,1,0,1
genuine/032_02_032.png,032,1,1,0
forged/032_12_032.png,032,0,1,2
genuine/035_02_0115035.PNG,035,1,1,1
genuine/035_01_0103035.PNG,035,1,0,1
forged/035_06_035.png,035,0,0,0
genuine/035_04_0103035.PNG,035,1,0,0
forged/035_07_035.png,035,0,1,0
genuine/035_04_0115035.PNG,035,1,0,0
genuine/035_05_035.png,035,1,1,2
genuine/035_03_0201035.PNG,035,1,1,2
genuine/035_02_0103035.PNG,035,1,1,1
genuine/035_01_0115035.PNG,035,1,1,0
genuine/035_04_035.png,035,1,0,1
genuine/035_01_035.png,035,1,0,1
forged/035_11_035.png,035,0,0,2
forged/035_08_035.png,035,0,0,0
genuine/035_01_0201035.PNG,035,1,1,1
genuine/035_04_0201035.PNG,035,1,0,1
forged/035_09_035.png,035,0,1,2
forged/035_10_035.png,035,0,0,0
genuine/035_03_0115035.PNG,035,1,0,0
genuine/035_02_035.png,035,1,1,0
forged/035_12_035.png,035,0,1,2
genuine/035_03_0103035.PNG,035,1,0,1
genuine/035_03_035.png,035,1,0,0
genuine/035_02_0201035.PNG,035,1,0,2
genuine/061_03_0206061.PNG,061,1,0,2
forged/061_08_061.png,061,0,0,0
genuine/061_04_0112061.PNG,061,1,1,1
genuine/061_01_0102061.PNG,061,1,1,0
forged/061_11_061.png,061,0,1,0
genuine/061_01_061.png,061,1,1,2
genuine/061_04_0102061.PNG,061,1,0,0
genuine/061_01_0112061.PNG,061,1,1,1
forged/061_10_061.png,061,0,1,2
forged/061_09_061.png,061,0,0,1
forged/061_12_061.png,061,0,0,1
genuine/061_02_061.png,061,1,1,2
genuine/061_02_0112061.PNG,061,1,1,0
genuine/061_02_0102061.PNG,061,1,1,2
genuine/061_03_061.png,061,1,0,1
forged/061_06_061.png,061,0,0,1
forged/061_07_061.png,061,0,0,2
genuine/061_02_0206061.PNG,061,1,0,0
genuine/061_01_0206061.PNG,061,1,0,0
genuine/061_03_0102061.PNG,061,1,0,0
genuine/061_05_061.png,061,1,0,1
genuine/061_03_0112061.PNG,061,1,1,1
genuine/061_04_061.png,061,1,0,0
genuine/061_04_0206061.PNG,061,1,0,2
forged/066_10_066.png,066,0,1,0
forged/066_09_066.png,066,0,1,0
genuine/066_01_0211066.PNG,066,1,1,2
genuine/066_04_0211066.PNG,066,1,1,1
forged/066_08_066.png,066,0,0,2
forged/066_11_066.png,066,0,1,0
genuine/066_01_066.png,066,1,0,0
genuine/066_03_066.png,066,1,0,2
genuine/066_03_0101066.PNG,066,1,0,1
forged/066_12_066.png,066,0,0,1
genuine/066_02_066.png,066,1,1,1
genuine/066_02_0211066.PNG,066,1,1,0
genuine/066_03_0127066.PNG,066,1,1,0
genuine/066_03_0212066.PNG,066,1,1,0
genuine/066_04_0212066.PNG,066,1,1,2
genuine/066_01_0101066.PNG,066,1,1,2
forged/066_07_066.png,066,0,0,1
genuine/066_04_0127066.PNG,066,1,1,2
genuine/066_04_0101066.PNG,066,1,1,0
forged/066_06_066.png,066,0,0,0
genuine/066_01_0127066.PNG,066,1,0,1
genuine/066_01_0212066.PNG,066,1,0,0
genuine/066_02_0212066.PNG,066,1,1,2
genuine/066_04_066.png,066,1,0,1
genuine/066_03_0211066.PNG,066,1,0,2
genuine/066_02_0127066.PNG,066,1,1,2
genuine/066_02_0101066.PNG,066,1,1,0
genuine/066_05_066.png,066,1,0,2
forged/059_09_059.png,059,0,0,1
genuine/059_02_0104059.PNG,059,1,1,0
forged/059_10_059.png,059,0,0,2
genuine/059_01_059.png,059,1,1,0
forged/059_11_059.png,059,0,0,0
forged/059_08_059.png,059,0,1,2
genuine/059_03_059.png,059,1,1,1
genuine/059_04_0104059.PNG,059,1,0,2
genuine/059_03_0125059.PNG,059,1,0,2
genuine/059_02_059.png,059,1,0,2
forged/059_12_059.png,059,0,1,0
genuine/059_01_0104059.PNG,059,1,0,1
forged/059_07_059.png,059,0,0,0
genuine/059_01_0125059.PNG,059,1,1,1
genuine/059_03_0104059.PNG,059,1,1,1
forged/059_06_059.png,059,0,1,1
genuine/059_04_0125059.PNG,059,1,1,1
genuine/059_04_059.png,059,1,0,0
genuine/059_05_059.png,059,1,0,0
genuine/059_02_0125059.PNG,059,1,0,0
genuine/050_01_0204050.PNG,050,1,0,0
genuine/050_04_050.png,050,1,1,1
genuine/050_03_0126050.PNG,050,1,1,1
genuine/050_05_050.png,050,1,0,2
genuine/050_02_0125050.PNG,050,1,1,0
genuine/050_04_0204050.PNG,050,1,1,1
forged/050_07_050.png,050,0,1,1
genuine/050_01_0125050.PNG,050,1,0,0
forged/050_06_050.png,050,0,0,2
genuine/050_04_0125050.PNG,050,1,1,2
genuine/050_02_0204050.PNG,050,1,0,0
genuine/050_03_050.png,050,1,1,0
genuine/050_03_0125050.PNG,050,1,0,2
genuine/050_02_0126050.PNG,050,1,0,1
forged/050_12_050.png,050,0,1,2
genuine/050_02_050.png,050,1,0,2
forged/050_09_050.png,050,0,1,1
genuine/050_03_0204050.PNG,050,1,0,0
genuine/050_04_0126050.PNG,050,1,1,1
forged/050_10_050.png,050,0,0,0
genuine/050_01_0126050.PNG,050,1,1,0
forged/050_11_050.png,050,0,0,0
genuine/050_01_050.png,050,1,0,0
forged/050_08_050.png,050,0,0,0
genuine/057_05_057.png,057,1,0,1
genuine/057_01_0117057.PNG,057,1,1,2
genuine/057_02_0210057.PNG,057,1,0,2
genuine/057_04_0208057.PNG,057,1,1,0
genuine/057_01_0208057.PNG,057,1,0,0
genuine/057_04_057.png,057,1,0,2
genuine/057_04_0117057.PNG,057,1,1,0
genuine/057_04_0210057.PNG,057,1,0,1
forged/057_06_057.png,057,0,0,0
genuine/057_02_0208057.PNG,057,1,1,0
forged/057_07_057.png,057,0,0,2
genuine/057_01_0210057.PNG,057,1,1,2
genuine/057_02_0117057.PNG,057,1,1,1
forged/057_12_057.png,057,0,0,1
genuine/057_02_057.png,057,1,1,0
genuine/057_03_057.png,057,1,1,0
genuine/057_03_0210057.PNG,057,1,0,1
genuine/057_03_0117057.PNG,057,1,1,1
forged/057_11_057.png,057,0,0,0
genuine/057_01_057.png,057,1,0,2
forged/057_08_057.png,057,0,1,1
genuine/057_03_0208057.PNG,057,1,1,2
forged/057_09_057.png,057,0,1,0
forged/057_10_057.png,057,0,0,1
genuine/068_02_0113068.PNG,068,1,1,0
genuine/068_05_068.png,068,1,1,0
genuine/068_04_068.png,068,1,0,2
genuine/068_03_0124068.PNG,068,1,0,1
forged/068_06_068.png,068,0,1,1
genuine/068_04_0113068.PNG,068,1,1,1
forged/068_07_068.png,068,0,1,1
genuine/068_01_0113068.PNG,068,1,1,0
genuine/068_02_068.png,068,1,0,1
forged/068_12_068.png,068,0,0,0
genuine/068_02_0124068.PNG,068,1,1,0
genuine/068_03_0113068.PNG,068,1,1,2
genuine/068_03_068.png,068,1,1,2
forged/068_08_068.png,068,0,0,0
genuine/068_01_068.png,068,1,0,0
forged/068_11_068.png,068,0,0,1
genuine/068_04_0124068.PNG,068,1,0,0
forged/068_10_068.png,068,0,1,1
genuine/068_01_0124068.PNG,068,1,0,0
forged/068_09_068.png,068,0,0,2
genuine/034_03_0120034.PNG,034,1,1,2
forged/034_06_034.png,034,0,1,2
genuine/034_01_0103034.PNG,034,1,0,2
forged/034_07_034.png,034,0,1,2
genuine/034_04_0103034.PNG,034,1,0,2
genuine/034_05_034.png,034,1,0,1
genuine/034_03_0110034.PNG,034,1,1,0
genuine/034_02_0103034.PNG,034,1,1,0
genuine/034_04_034.png,034,1,0,0
genuine/034_01_0110034.PNG,034,1,0,2
forged/034_11_034.png,034,0,0,0
genuine/034_01_034.png,034,1,1,0
forged/034_08_034.png,034,0,1,2
genuine/034_02_0120034.PNG,034,1,0,0
forged/034_09_034.png,034,0,1,2
genuine/034_04_0110034.PNG,034,1,0,1
forged/034_10_034.png,034,0,0,0
genuine/034_01_0120034.PNG,034,1,0,2
genuine/034_03_0103034.PNG,034,1,0,0
forged/034_12_034.png,034,0,1,0
genuine/034_02_034.png,034,1,1,2
genuine/034_04_0120034.PNG,034,1,1,2
genuine/034_03_034.png,034,1,0,1
genuine/034_02_0110034.PNG,034,1,1,1
forged/033_07_033.png,033,0,0,0
genuine/033_03_0205033.PNG,033,1,1,2
forged/033_06_033.png,033,0,1,2
genuine/033_03_0203033.PNG,033,1,1,0
genuine/033_04_033.png,033,1,1,0
genuine/033_03_0112033.PNG,033,1,0,1
genuine/033_05_033.png,033,1,1,2
genuine/033_03_0213033.PNG,033,1,1,0
genuine/033_01_0203033.PNG,033,1,0,2
forged/033_09_033.png,033,0,0,2
genuine/033_04_0213033.PNG,033,1,1,2
forged/033_10_033.png,033,0,0,0
genuine/033_01_0112033.PNG,033,1,1,2
genuine/033_02_0205033.PNG,033,1,0,2
forged/033_11_033.png,033,0,0,1
genuine/033_01_033.png,033,1,0,1
genuine/033_04_0112033.PNG,033,1,0,0
forged/033_08_033.png,033,0,1,1
genuine/033_01_0213033.PNG,033,1,0,2
genuine/033_04_0203033.PNG,033,1,0,2
genuine/033_03_033.png,033,1,1,1
genuine/033_02_0213033.PNG,033,1,0,1
genuine/033_01_0205033.PNG,033,1,0,0
genuine/033_02_0112033.PNG,033,1,0,1
genuine/033_04_0205033.PNG,033,1,1,0
forged/033_12_033.png,033,0,0,0
genuine/033_02_033.png,033,1,1,1
genuine/033_02_0203033.PNG,033,1,1,0
genuine/056_01_0105056.PNG,056,1,1,1
genuine/056_04_0115056.PNG,056,1,1,1
genuine/056_05_056.png,056,1,1,0
genuine/056_01_0115056.PNG,056,1,1,2
genuine/056_04_056.png,056,1,0,0
genuine/056_04_0105056.PNG,056,1,1,0
genuine/056_02_0115056.PNG,056,1,0,1
forged/056_06_056.png,056,0,0,1
forged/056_07_056.png,056,0,1,0
genuine/056_02_0105056.PNG,056,1,0,1
genuine/056_02_056.png,056,1,0,1
forged/056_12_056.png,056,0,0,2
genuine/056_03_056.png,056,1,0,2
genuine/056_01_056.png,056,1,0,1
forged/056_11_056.png,056,0,1,2
genuine/056_03_0105056.PNG,056,1,0,1
forged/056_08_056.png,056,0,0,2
forged/056_09_056.png,056,0,1,0
forged/056_10_056.png,056,0,0,0
genuine/056_03_0115056.PNG,056,1,1,0
genuine/069_05_069.png,069,1,0,1
genuine/069_04_069.png,069,1,1,2
genuine/069_02_0111069.PNG,069,1,1,1
genuine/069_03_0108069.PNG,069,1,0,0
genuine/069_01_0111069.PNG,069,1,0,1
forged/069_06_069.png,069,0,1,0
genuine/069_04_0111069.PNG,069,1,0,1
genuine/069_03_0106069.PNG,069,1,0,1
forged/069_07_069.png,069,0,0,1
genuine/069_03_0111069.PNG,069,1,1,0
forged/069_12_069.png,069,0,0,0
genuine/069_02_069.png,069,1,0,0
genuine/069_04_0106069.PNG,069,1,1,0
genuine/069_01_0108069.PNG,069,1,1,0
genuine/069_03_069.png,069,1,1,1
genuine/069_04_0108069.PNG,069,1,1,1
genuine/069_01_0106069.PNG,069,1,1,0
forged/069_08_069.png,069,0,1,0
genuine/069_02_0106069.PNG,069,1,1,1
forged/069_11_069.png,069,0,1,0
genuine/069_01_069.png,069,1,1,0
forged/069_10_069.png,069,0,1,1
forged/069_09_069.png,069,0,1,1
genuine/069_02_0108069.PNG,069,1,0,1
genuine/051_04_051.png,051,1,0,0
genuine/051_05_051.png,051,1,0,0
forged/051_07_051.png,051,0,1,2
genuine/051_03_0120051.PNG,051,1,1,2
forged/051_06_051.png,051,0,0,2
genuine/051_03_0104051.PNG,051,1,0,1
genuine/051_04_0120051.PNG,051,1,1,2
genuine/051_04_0104051.PNG,051,1,1,2
genuine/051_03_051.png,051,1,0,1
genuine/051_01_0120051.PNG,051,1,1,0
genuine/051_02_051.png,051,1,1,2
forged/051_12_051.png,051,0,0,2
genuine/051_01_0104051.PNG,051,1,0,0
genuine/051_02_0104051.PNG,051,1,1,0
genuine/051_02_0120051.PNG,051,1,0,0
forged/051_09_051.png,051,0,0,0
forged/051_10_051.png,051,0,0,1
genuine/051_01_051.png,051,1,0,2
forged/051_11_051.png,051,0,1,0
forged/051_08_051.png,051,0,0,2
forged/067_10_067.png,067,0,1,1
forged/067_09_067.png,067,0,0,0
forged/067_08_067.png,067,0,1,2
genuine/067_01_067.png,067,1,1,2
forged/067_11_067.png,067,0,1,1
genuine/067_02_0205067.PNG,067,1,1,0
genuine/067_01_0205067.PNG,067,1,1,0
genuine/067_03_067.png,067,1,1,0
genuine/067_02_067.png,067,1,0,2
forged/067_12_067.png,067,0,0,0
genuine/067_04_0205067.PNG,067,1,0,1
genuine/067_03_0212067.PNG,067,1,1,1
genuine/067_03_0205067.PNG,067,1,1,1
genuine/067_04_0212067.PNG,067,1,1,2
forged/067_07_067.png,067,0,1,0
forged/067_06_067.png,067,0,0,1
genuine/067_01_0212067.PNG,067,1,1,0
genuine/067_04_067.png,067,1,1,0
genuine/067_02_0212067.PNG,067,1,1,1
genuine/067_05_067.png,067,1,0,0
forged/058_09_058.png,058,0,1,1
genuine/058_04_0110058.PNG,058,1,1,0
forged/058_10_058.png,058,0,1,1
genuine/058_01_0110058.PNG,058,1,1,1
genuine/058_03_0109058.PNG,058,1,1,2
forged/058_11_058.png,058,0,0,0
genuine/058_01_058.png,058,1,0,1
forged/058_08_058.png,058,0,1,1
genuine/058_03_0125058.PNG,058,1,1,2
genuine/058_03_058.png,058,1,1,2
genuine/058_02_0110058.PNG,058,1,0,0
genuine/058_03_0127058.PNG,058,1,1,0
forged/058_12_058.png,058,0,1,2
genuine/058_02_058.png,058,1,1,2
genuine/058_04_0127058.PNG,058,1,1,0
genuine/058_01_0125058.PNG,058,1,0,0
forged/058_07_058.png,058,0,1,2
genuine/058_02_0109058.PNG,058,1,1,0
genuine/058_04_0125058.PNG,058,1,0,0
genuine/058_01_0127058.PNG,058,1,0,0
forged/058_06_058.png,058,0,0,0
genuine/058_02_0127058.PNG,058,1,0,1
genuine/058_04_058.png,058,1,0,1
genuine/058_04_0109058.PNG,058,1,0,1
genuine/058_01_0109058.PNG,058,1,1,1
genuine/058_05_058.png,058,1,1,2
genuine/058_03_0110058.PNG,058,1,0,2
genuine/058_02_0125058.PNG,058,1,0,0
forged/060_08_060.png,060,0,1,1
genuine/060_01_0126060.PNG,060,1,1,0
genuine/060_01_060.png,060,1,1,2
forged/060_11_060.png,060,0,1,1
genuine/060_03_0121060.PNG,060,1,0,1
genuine/060_04_0126060.PNG,060,1,0,1
forged/060_10_060.png,060,0,0,1
forged/060_09_060.png,060,0,0,0
genuine/060_03_0111060.PNG,060,1,0,0
genuine/060_02_060.png,060,1,0,2
forged/060_12_060.png,060,0,0,1
genuine/060_02_0126060.PNG,060,1,1,2
genuine/060_03_060.png,060,1,0,2
genuine/060_01_0111060.PNG,060,1,0,1
forged/060_06_060.png,060,0,0,2
genuine/060_02_0121060.PNG,060,1,0,2
genuine/060_04_0111060.PNG,060,1,0,0
forged/060_07_060.png,060,0,1,2
genuine/060_01_0121060.PNG,060,1,1,2
genuine/060_03_0126060.PNG,060,1,1,1
genuine/060_05_060.png,060,1,1,1
genuine/060_04_0121060.PNG,060,1,1,1
genuine/060_04_060.png,060,1,0,1
genuine/060_02_0111060.PNG,060,1,1,2
